<?xml version="1.0" encoding="UTF-8"?>
<project-private xmlns="http://www.netbeans.org/ns/project-private/1">
    <editor-bookmarks xmlns="http://www.netbeans.org/ns/editor-bookmarks/2" lastBookmarkId="0"/>
    <open-files xmlns="http://www.netbeans.org/ns/projectui-open-files/2">
        <group>
            <file>file:/C:/Users/Tanvir/Documents/NetBeansProjects/class%20rotine/web/11th%20sem.jsp</file>
            <file>file:/C:/Users/Tanvir/Documents/NetBeansProjects/class%20rotine/web/rotine.jsp</file>
            <file>file:/C:/Users/Tanvir/Documents/NetBeansProjects/class%20rotine/web/ad5th.jsp</file>
            <file>file:/C:/Users/Tanvir/Documents/NetBeansProjects/class%20rotine/web/10th%20sem.jsp</file>
            <file>file:/C:/Users/Tanvir/Documents/NetBeansProjects/class%20rotine/web/ad7th.jsp</file>
            <file>file:/C:/Users/Tanvir/Documents/NetBeansProjects/class%20rotine/web/9th.jsp</file>
            <file>file:/C:/Users/Tanvir/Documents/NetBeansProjects/class%20rotine/web/2nd.jsp</file>
            <file>file:/C:/Users/Tanvir/Documents/NetBeansProjects/class%20rotine/web/11th.jsp</file>
            <file>file:/C:/Users/Tanvir/Documents/NetBeansProjects/class%20rotine/web/4th.jsp</file>
            <file>file:/C:/Users/Tanvir/Documents/NetBeansProjects/class%20rotine/web/12th%20sem.jsp</file>
            <file>file:/C:/Users/Tanvir/Documents/NetBeansProjects/class%20rotine/web/10th.jsp</file>
            <file>file:/C:/Users/Tanvir/Documents/NetBeansProjects/class%20rotine/web/3rd%20sem.jsp</file>
            <file>file:/C:/Users/Tanvir/Documents/NetBeansProjects/class%20rotine/web/9th%20sem.jsp</file>
            <file>file:/C:/Users/Tanvir/Documents/NetBeansProjects/class%20rotine/web/7th%20sem.jsp</file>
            <file>file:/C:/Users/Tanvir/Documents/NetBeansProjects/class%20rotine/web/8th%20sem.jsp</file>
            <file>file:/C:/Users/Tanvir/Documents/NetBeansProjects/class%20rotine/web/6th.jsp</file>
            <file>file:/C:/Users/Tanvir/Documents/NetBeansProjects/class%20rotine/web/index.jsp</file>
            <file>file:/C:/Users/Tanvir/Documents/NetBeansProjects/class%20rotine/web/ad11th.jsp</file>
            <file>file:/C:/Users/Tanvir/Documents/NetBeansProjects/class%20rotine/web/login.jsp</file>
            <file>file:/C:/Users/Tanvir/Documents/NetBeansProjects/class%20rotine/web/ad6th.jsp</file>
            <file>file:/C:/Users/Tanvir/Documents/NetBeansProjects/class%20rotine/web/ad12th.jsp</file>
            <file>file:/C:/Users/Tanvir/Documents/NetBeansProjects/class%20rotine/web/4th%20sem.jsp</file>
            <file>file:/C:/Users/Tanvir/Documents/NetBeansProjects/class%20rotine/web/8th.jsp</file>
            <file>file:/C:/Users/Tanvir/Documents/NetBeansProjects/class%20rotine/web/1st.jsp</file>
            <file>file:/C:/Users/Tanvir/Documents/NetBeansProjects/class%20rotine/web/12th.jsp</file>
            <file>file:/C:/Users/Tanvir/Documents/NetBeansProjects/class%20rotine/web/5th%20sem.jsp</file>
            <file>file:/C:/Users/Tanvir/Documents/NetBeansProjects/class%20rotine/web/6th%20sem.jsp</file>
            <file>file:/C:/Users/Tanvir/Documents/NetBeansProjects/class%20rotine/web/rinsert.jsp</file>
            <file>file:/C:/Users/Tanvir/Documents/NetBeansProjects/class%20rotine/web/classr.html</file>
            <file>file:/C:/Users/Tanvir/Documents/NetBeansProjects/class%20rotine/web/index.html</file>
            <file>file:/C:/Users/Tanvir/Documents/NetBeansProjects/class%20rotine/web/ad4th.jsp</file>
            <file>file:/C:/Users/Tanvir/Documents/NetBeansProjects/class%20rotine/web/2nd%20sem.jsp</file>
            <file>file:/C:/Users/Tanvir/Documents/NetBeansProjects/class%20rotine/web/ad2nd.jsp</file>
            <file>file:/C:/Users/Tanvir/Documents/NetBeansProjects/class%20rotine/web/admin.html</file>
            <file>file:/C:/Users/Tanvir/Documents/NetBeansProjects/class%20rotine/web/style.css</file>
            <file>file:/C:/Users/Tanvir/Documents/NetBeansProjects/class%20rotine/web/ad1st.jsp</file>
            <file>file:/C:/Users/Tanvir/Documents/NetBeansProjects/class%20rotine/web/5th.jsp</file>
            <file>file:/C:/Users/Tanvir/Documents/NetBeansProjects/class%20rotine/web/1st%20sem.jsp</file>
            <file>file:/C:/Users/Tanvir/Documents/NetBeansProjects/class%20rotine/web/ad10th.jsp</file>
            <file>file:/C:/Users/Tanvir/Documents/NetBeansProjects/class%20rotine/web/ad3rd.jsp</file>
            <file>file:/C:/Users/Tanvir/Documents/NetBeansProjects/class%20rotine/web/add8th.jsp</file>
            <file>file:/C:/Users/Tanvir/Documents/NetBeansProjects/class%20rotine/web/3rd.jsp</file>
            <file>file:/C:/Users/Tanvir/Documents/NetBeansProjects/class%20rotine/nbproject/build-impl.xml</file>
            <file>file:/C:/Users/Tanvir/Documents/NetBeansProjects/class%20rotine/web/7th.jsp</file>
            <file>file:/C:/Users/Tanvir/Documents/NetBeansProjects/class%20rotine/web/signup1.jsp</file>
        </group>
    </open-files>
</project-private>
